{"cameraMode":{"drawMode":0,"name":"Shaded","section":"Shading Mode"},"sceneLighting":true,"audioPlay":false,"sceneViewState":{"showFog":true,"showMaterialUpdate":false,"showSkybox":false,"showFlares":true,"showImageEffects":true,"showParticleSystems":true},"in2DMode":false,"pivot":{"x":-7.154686450958252,"y":6.231497287750244,"z":8.751274108886719},"rotation":{"x":-0.006563145667314529,"y":0.12297436594963074,"z":-0.0009195415186695755,"w":-0.9924308657646179},"size":15.96126937866211,"orthographic":false}